{"episode": 247, "contrastive_loss": 0, "critic_loss": 9.754899110703263e-10, "actor_loss": -0.1688510924577713, "intrinsic_reward": 0, "_timestamp": 1728446594.822591, "_runtime": 23153.504636133, "_step": 247}