{"predicted_density_image": {"path": "media/images/predicted_density_image_22_c6fd112e0f4d94ee8dda.png", "format": "png", "width": 1920, "height": 1440, "_type": "image-file", "sha256": "c6fd112e0f4d94ee8ddabe9dc6c955bf976023a5644739c969e9f623c5bc0e1a", "size": 132123}, "_timestamp": 1728452567.9211373, "_runtime": 1673.622034118, "_step": 23, "episode": 11, "contrastive_loss": 0, "critic_loss": 58212.64453125, "actor_loss": -0.3557930290699005, "intrinsic_reward": 0}