{"predicted_density_image": {"sha256": "5e62b6407c2f2dd087f36aa991c74d68ad9661c3b607781200edf64527e06334", "size": 129448, "path": "media/images/predicted_density_image_20_5e62b6407c2f2dd087f3.png", "format": "png", "width": 1920, "height": 1440, "_type": "image-file"}, "_timestamp": 1728452431.3644621, "_runtime": 1537.06537625, "_step": 21, "episode": 10, "contrastive_loss": 0, "critic_loss": 112632.9375, "actor_loss": -0.33623698353767395, "intrinsic_reward": 0}