{"predicted_density_image": {"height": 1440, "_type": "image-file", "sha256": "5e9ad6614e30dc32971722c81c8ed3fee3bc6c32405ca05afec096a13e14ae97", "size": 126635, "path": "media/images/predicted_density_image_12_5e9ad6614e30dc329717.png", "format": "png", "width": 1920}, "_timestamp": 1728451871.9362288, "_runtime": 977.637116574, "_step": 13, "episode": 6, "contrastive_loss": 0, "critic_loss": 4640.65576171875, "actor_loss": -265.1416015625, "intrinsic_reward": 0}